idTaskCardServiceNotification,PartNumber,SerialNumber,ServiceNotification,CreatedBy,CreatedDate,Finished,pdtr
25878,622-7309-101,10FDW,105777647,lgodinez,8/20/2019,0,ts
25904,622-7209-005,42748L,105778378,Mlugo,8/21/2019,0,ts
25951,622-6020-022,23RWG,105782776,eamaro,8/21/2019,0,ts
26041,622-9978-110,1700,105766633,amorale3,8/22/2019,0,ts
26126,622-6898-001,4273PY,105781905,mruiz4,8/23/2019,0,ts
26199,259324,205230138,105784633,jzamudio,8/23/2019,0,ts
26206,4260-0039-3,162612,105778612,smelendr,8/23/2019,0,ts
26215,622-9210-007,10H6Y,105784795,mortiz,8/23/2019,0,ts
26263,822-1011-120,102YR,105785045,Framire1,8/24/2019,0,ts
26285,1307310-100,L25GM,105782186,Jsanche5,8/25/2019,0,ts
26360,1307671-102,G2FXR,105760323,Jsanche5,8/27/2019,0,ts
26414,622-4401-001,17231,105774935,dreyes1,8/27/2019,0,ts
26481,1308525-100,414CCL,105786378,jcastil2,8/28/2019,0,ts
26493,328722,3RW8T,105530744,jcastil2,8/28/2019,0,ts
26528,822-1115-001,4300,105769962,jmercado,8/28/2019,0,ts
26562,1308001-102=RF,K6THB,105780622,slopez,8/29/2019,0,ts
26573,622-9683-011,513,105784919,mruiz4,8/29/2019,0,ts
26593,4260-0018-5,126126,105777621,emartin5,8/29/2019,0,ts
26609,622-5224-004,25186,105777223,cortiz2,8/29/2019,0,ts
26614,822-1011-120,228XN,105785044,Framire1,8/29/2019,0,ts
26659,622-9871-003,130,105769251,Abriseno,8/29/2019,0,ts
26672,822-1168-003,46YT57,105775616,agarci12,8/29/2019,0,ts
26673,622-6092-022,133,105772529,mruiz4,8/30/2019,0,ts
26697,622-6320-002,430,105784863,mruiz4,8/30/2019,0,ts
26704,1308524-100,1J0WG,105787944,jcastil2,8/30/2019,0,ts
26738,4260-0029-8,46RY2N,105783577,Aibanez,8/30/2019,0,ts
26755,622-9852-208,1XYCD,105781955/,jcarbaj1,8/30/2019,0,ts
26756,622-5027-002,2086,105787911,lgarcia2,8/30/2019,0,ts
26761,622-6137-001,8706,105785351,hsotelo,8/30/2019,0,ts
26762,1308523-203,3JRWK,105786446,jcastil2,8/30/2019,0,ts
26805,622-2366-003,3299,105787114,JOCHOA1,8/31/2019,0,ts
26821,822-1168-001,24B6H,105788110,lgarcia2,8/31/2019,0,ts
26835,622-7716-003,3102,105788157,mvilla2,9/1/2019,0,ts
26866,328721,E01003707,105783569,jcastil2,9/2/2019,0,ts
26898,4260-0039-3,4DYRK,105735231,sayala1,9/2/2019,0,ts
26925,822-1148-216,2HRHW,105776337,cmurill1,9/2/2019,0,ts
26940,622-6524-004,HFNY,105774983,ecossio,9/3/2019,0,ts
26968,622-7716-003,2354,105785120,ascano,9/3/2019,0,ts
26984,622-7244-001,2024,105787110,ascano,9/3/2019,0,ts
27079,4260-0018-5,260214,105788442,acbarrer,9/4/2019,0,ts
27084,822-0868-111,1GR5F,105784727,jvillaes,9/4/2019,0,ts
27100,4260-0001-6,162748,105779174,rmunoza9,9/4/2019,0,ts
27130,622-6717-004,856,105790157,agarci12,9/5/2019,0,ts
27131,822-1308-320,13WBW,105788703,cmurill1,9/5/2019,0,ts
27177,1308523-101,2VF7X,105788751,jcastil2,9/5/2019,0,ts
27178,1308520-100,1J14B,105787075,jcastil2,9/5/2019,0,ts
27213,622-6717-004,342,105790132,lgarcia2,9/5/2019,0,ts
27221,822-1011-120,1KHHY,105785122,mnavarr2,9/5/2019,0,ts
27222,822-1011-120,1YF7G,105785121,mnavarr2,9/5/2019,0,ts
27250,4260-0018-5,86831041042,105788923,Rvalenzu,9/6/2019,0,ts
27296,1304366-102=RF,E0104003493,105613305,evaldes,9/6/2019,0,ts
27314,622-9286-005,3598,105791645,mvilla2,9/6/2019,0,ts
27354,822-0884-163,1T08G,105790104,jcarbaj1,9/7/2019,0,ts
27417,822-1168-002,280TJ,105785959,hrodrigu,9/9/2019,0,ts
27457,4260-0039-3,249917,105790801,smelendr,9/9/2019,0,ts
27459,622-7209-002,3RFGJ,105791481,Mlugo,9/9/2019,0,ts
27461,4260-0021-1,63824,105730684,vortega,9/9/2019,0,ts
27463,4260-0039-3,236734,105786392,smelendr,9/9/2019,0,ts
27477,622-6898-001,637,105788543,mruiz4,9/10/2019,0,ts
27504,4260-0031-4,447DLN,105785729,cbarak,9/9/2019,0,ts
27514,622-5027-002,848,105770112,hrodrigu,9/10/2019,0,ts
27515,822-1168-001,1YRNC,105790100,hrodrigu,9/10/2019,0,ts
27573,4260-0039-3,141274,105790353,smelendr,9/10/2019,0,ts
27586,822-1310-104,NMHX,105791139,Jquezada,9/11/2019,0,ts
27657,328722,3RT7Y,105791797,jcastil2,9/11/2019,0,ts
27664,622-6020-022,34C2Y,105792551,eamaro,9/11/2019,0,ts
27674,622-6524-004,26M3V,105792009,ecossio,9/11/2019,0,ts
27738,4260-0029-8,4FLDT,105791530,dguerra1,9/12/2019,0,ts
27748,622-7716-003,2705,105793568,mvilla2,9/12/2019,0,ts
27761,920050,D01155347,105787988,gruiz,9/12/2019,0,ts
27821,RV700-2061-002,6302,105791120,dsalina1,9/13/2019,0,ts
27834,622-6717-004,729,105793752,lgarcia2,9/13/2019,0,ts
27839,622-6153-001,11227,105790215,JOCHOA1,9/13/2019,0,ts
27869,622-6152-011,28892,105791468,elopez1,9/13/2019,0,ts
27881,622-6524-004,4274PX,105792612,ecossio,9/13/2019,0,ts
27889,622-6198-012,714,105790439,ecossio,9/14/2019,0,ts
27896,622-9852-208,1650,105713351,ilopez,9/14/2019,0,ts
27914,822-1168-002,426H3F,105791780,lgarcia2,9/14/2019,0,ts
27920,822-1168-001,DMKM,105790473,lgarcia2,9/14/2019,0,ts
27923,822-1168-001,5V9C,105790346,lgarcia2,9/14/2019,0,ts
27929,822-1168-002,22KKV,105791054,lgarcia2,9/14/2019,0,ts
27931,2600-1-45,3L3CJ,105795142,maguiler,9/14/2019,0,ts
27943,622-9852-208,18F8J,105790149,ilopez,9/15/2019,0,ts
27959,622-7716-003,2430,105794240,mvilla2,9/16/2019,0,ts
27965,822-1168-002,1W3HY,105794305,lgarcia2,9/16/2019,0,ts
27984,622-9682-004,FTDD,105795264,ascano,9/16/2019,0,ts
27987,622-6342-024,4492,105793200,eamaro,9/16/2019,0,ts
28078,822-1560-106,49K77C,105770312,oarvizu9,9/18/2019,0,ts
28101,1308521-100,2DXGC,105790364,jcastil2,9/18/2019,0,ts
28102,1308521-100,3JP8Y,105780747,jcastil2,9/18/2019,0,ts
28104,40-621313-113,49VHV6,105793904,dgonzal4,9/18/2019,0,ts
28109,40-621313-113,49VHP7,105779349,abringas,9/18/2019,0,ts
28120,40-621313-113,49VHP4,105783660,ayepez,9/18/2019,0,ts
28122,40-621313-113,703193481,105785025,abringas,9/18/2019,0,ts
28132,40-621313-113,49VHPK,105783556,abringas,9/18/2019,0,ts
28140,40-621313-113,49VHPG,105783554,ayepez,9/18/2019,0,ts
28144,40-621313-113,49VHPC,105784908,abringas,9/18/2019,0,ts
28154,40-621313-109,49VK0X,105775733,ayepez,9/18/2019,0,ts
28157,40-621313-113,49VHPH,105783555,abringas,9/18/2019,0,ts
28161,40-621313-109,49VHXX,105779639,ayepez,9/18/2019,0,ts
28162,40-621313-113,49VHPF,105783553,abringas,9/18/2019,0,ts
28170,822-0393-001,2548,105796525,hsotelo,9/18/2019,0,ts
28171,40-621313-109,49VHXT,105779637,abringas,9/18/2019,0,ts
28174,40-621313-109,49VHY3,105779644,ayepez,9/18/2019,0,ts
28178,4260-0018-5,237468,105792982,mleon,9/18/2019,0,ts
28179,40-621313-109,49VHM7,105775671,abringas,9/18/2019,0,ts
28181,40-621313-109,49VK1K,105775762,ayepez,9/18/2019,0,ts
28184,40-621313-109,49VK16,105775753,ayepez,9/18/2019,0,ts
28211,622-6020-121,4792,105793773,agarci12,9/19/2019,0,ts
28217,622-6200-003,1754,105791635,ecossio,9/19/2019,0,ts
28218,622-6200-003,831,105791634,ecossio,9/19/2019,0,ts
28234,40-621313-113,49VGX8,105797291,ayepez,9/19/2019,0,ts
28238,40-621313-113,49VGXF,105797267,ayepez,9/19/2019,0,ts
28242,40-621313-109,49VK0V,105775732,ayepez,9/19/2019,0,ts
28250,40-621313-113,49VGX1,105796896,ayepez,9/19/2019,0,ts
28255,328722,47N9P,105797247,jcastil2,9/19/2019,0,ts
28256,40-621313-113,49VGXD,105797294,ayepez,9/19/2019,0,ts
28257,40-621313-113,49VGX3,105796898,ayepez,9/19/2019,0,ts
28262,40-621313-113,49VGX5,105797290,ayepez,9/19/2019,0,ts
28272,40-621313-113,49VGX2,105796897,ayepez,9/19/2019,0,ts
28275,40-621313-113,49VGX9,105797292,ayepez,9/19/2019,0,ts
28281,40-621313-109,49VHXP,105779635,ayepez,9/19/2019,0,ts
28283,40-621313-109,49VK19,105775756,ayepez,9/19/2019,0,ts
28286,40-621313-109,49VK0L,105775726,ayepez,9/19/2019,0,ts
28289,328722,E01007402,105797268,jcastil2,9/19/2019,0,ts
28294,1300101-140,103040102,105795017,emachado,9/19/2019,0,ts
28299,328722,E01006744,105797229,jcastil2,9/19/2019,0,ts
28304,40-621313-109,49VHY4,105779645,ayepez,9/19/2019,0,ts
28305,328722,E01006597,105797263,jcastil2,9/19/2019,0,ts
28310,40-621313-109,49VK13,105775750,ayepez,9/19/2019,0,ts
28316,40-621313-109,49VK1C,105775757,ayepez,9/19/2019,0,ts
28318,40-621313-109,49VHXL,105779632,ayepez,9/19/2019,0,ts
28320,441-0008-100,3KPJL,105795230,jzamudio,9/19/2019,0,ts
28351,822-1362-054,23T8F,105797560,jgutier4,9/20/2019,0,ts
28358,40-621313-109,NVP3D,105775769,ayepez,9/20/2019,0,ts
28361,4260-0018-5,868310159,105796519,emunoz,9/20/2019,0,ts
28365,40-621313-109,49VHXM,105779633,ayepez,9/20/2019,0,ts
28369,1308523-101,35TWW,105797358,jcastil2,9/20/2019,0,ts
28373,40-621313-113,49VGX4,105797289,dgonzal4,9/20/2019,0,ts
28375,40-621313-109,49VK0P,105775729,ayepez,9/20/2019,0,ts
28376,1308000-105=RF,D131N0,105780871,slopez,9/20/2019,0,ts
28378,1308523-101,2DY0N,105791394,jcastil2,9/20/2019,0,ts
28381,40-621313-109,49VK18,105775755,abringas,9/20/2019,0,ts
28383,40-621313-109,PM5BC,105775770,ayepez,9/20/2019,0,ts
28387,40-621313-109,49VHTF,105791079,ayepez,9/20/2019,0,ts
28394,40-621313-109,49VDRC,105775497,abringas,9/20/2019,0,ts
28395,622-9724-243,3395,105777692,cortiz2,9/20/2019,0,ts
28398,40-621313-109,49VGXY,105794749,ayepez,9/20/2019,0,ts
28401,1309388-100,NL7TJ,105795053,Isanchez,9/20/2019,0,ts
28407,40-621313-109,49VHTR,105793868,abringas,9/20/2019,0,ts
28408,40-621313-109,49VHTG,105791080,ayepez,9/20/2019,0,ts
28411,40-621313-109,49VHTT,105793856,abringas,9/20/2019,0,ts
28415,0240-0003-10,test0920,test0920,kcano,9/20/2019,0,ts
28416,40-621313-109,49VHTM,105791082,ayepez,9/20/2019,0,ts
28417,40-621313-109,49VHX8,105782910,ayepez,9/20/2019,0,ts
28419,40-621313-109,49VHX9,105782911,abringas,9/20/2019,0,ts
28420,40-621313-109,49VHX3,105782877,ayepez,9/20/2019,0,ts
28424,1307310-103,JGLHV,105794306,EVELAZQ1,9/20/2019,0,ts
28425,40-621313-109,49VGYC,105794761,ayepez,9/20/2019,0,ts
28427,40-621313-109,49VHT8,105791064,abringas,9/20/2019,0,ts
28428,40-621313-109,49VHVP,105782891,ayepez,9/20/2019,0,ts
28431,40-621313-109,49VHXD,105782913,abringas,9/20/2019,0,ts
28435,40-621313-109,49VGXT,105794746,ayepez,9/20/2019,0,ts
28437,40-621313-109,49VHTD,105790778,abringas,9/20/2019,0,ts
28439,40-621313-109,49VHVR,105782871,ayepez,9/20/2019,0,ts
28440,40-621313-109,49VHXC,105782912,abringas,9/20/2019,0,ts
28442,40-621313-109,49VGXR,105794745,abringas,9/20/2019,0,ts
28444,40-621313-109,49VHTX,105793858,abringas,9/20/2019,0,ts
28445,40-621313-109,49VGXP,105794744,ayepez,9/20/2019,0,ts
28446,40-621313-109,49VHVT,105782872,abringas,9/20/2019,0,ts
28448,40-621313-109,49VGY5,105794755,abringas,9/20/2019,0,ts
28449,822-1168-002,3RC6D,105796671,lgarcia2,9/20/2019,0,ts
28466,822-0182-001,191,105786668,dgarcia3,9/21/2019,0,ts
28469,822-0182-001,24JG,105792543,dgarcia3,9/21/2019,0,ts
28476,622-9978-410,1RWHN,105771563,amorale3,9/20/2019,0,ts
28480,40-621313-109,49VHVV,105782873,ayepez,9/21/2019,0,ts
28481,40-621313-109,49VHX5,105782909,ayepez,9/21/2019,0,ts
28487,40-621313-109,49VGY9,105794760,ayepez,9/21/2019,0,ts
28492,622-6234-015,69,105794328,dreyes1,9/21/2019,0,ts
28494,40-621313-109,49VHX0,105782874,ayepez,9/21/2019,0,ts
28496,622-7998-003,4401,105763609,ofelix,9/21/2019,0,ts
28497,40-621313-109,49VHT9,105790776,ayepez,9/21/2019,0,ts
28498,40-621313-109,49VHTC,105790777,ayepez,9/21/2019,0,ts
28502,40-621313-109,49VHTL,105791081,ayepez,9/21/2019,0,ts
28509,40-621313-109,49VHV3,105793890,ayepez,9/21/2019,0,ts
28515,4260-0031-4,101520,703204206,larmenta,9/21/2019,0,ts
28520,622-8678-008,7077,105792824,mvilla2,9/21/2019,0,ts
28533,822-0021-204,1NMFG,105796243,kflores1,9/21/2019,0,ts
28549,622-7711-003,3553,105660067,mvilla2,9/22/2019,0,ts
28554,1300102-140,1T8JJ,105797468,respino1,9/22/2019,0,ts
28555,1167015-141,9709040576,105798544,respino1,9/22/2019,0,ts
28556,1167015-141,KFRP,105798539,respino1,9/22/2019,0,ts
28557,1167015-141,9807040820,105798718,respino1,9/22/2019,0,ts
28561,622-9683-111,J2TP,105791650,mruiz4,9/21/2019,0,ts
28562,622-6320-002,629,105771404,mruiz4,9/22/2019,0,ts
28563,622-6320-002,425,105796341,mruiz4,9/22/2019,0,ts
28564,622-6794-002,367,105772418,mruiz4,9/22/2019,0,ts
28565,622-7338-022,3042,105788742,mruiz4,9/22/2019,0,ts
28566,622-6318-002,79,105708018,mruiz4,9/22/2019,0,ts
28567,622-9868-013,181,105782668,mruiz4,9/22/2019,0,ts
28568,622-8394-013,972,105792288,mruiz4,9/22/2019,0,ts
28569,622-8393-014,323,105747073,mruiz4,9/22/2019,0,ts
28584,622-9210-008,1GL1V,105798507,mortiz,9/23/2019,0,ts
28586,40-621313-109,703191550,105782878,abringas,9/23/2019,0,ts
28591,622-6520-005,2960,105794456,cdoming2,9/23/2019,0,ts
28597,622-6152-001,22838,105735136,gmarti10,9/23/2019,0,ts
28603,822-0783-011,895,105787167,jnunez3,9/23/2019,0,ts
28606,822-0868-089,1CG5F,105793554,jnunez3,9/23/2019,0,ts
28614,822-0868-089,205PM,105793553,jnunez3,9/23/2019,0,ts
28615,822-0883-014,1MKYX,105788700,jnunez3,9/23/2019,0,ts
28620,441-0103-101,40GVHN,105796356,Cahumada,9/23/2019,0,ts
28627,2710-1-2133,401FC,105794719,jcastil2,9/23/2019,0,ts
28633,40-621313-109,49VGXV,105794747,dgonzal4,9/23/2019,0,ts
28649,4260-0018-5,868310165,105792311,acbarrer,9/23/2019,0,ts
28656,622-7999-003,106752,105797857,gruiz,9/23/2019,0,ts
28657,822-2065-101,49KRDX,105680624,aruvalca,9/23/2019,0,ts
28666,822-1107-102,NNRB,105784108,Jquezada,9/23/2019,0,ts
28667,822-1108-032,33FFJ,105788689,cmurill1,9/23/2019,0,ts
28672,622-9345-026,1487,105783115,amorale3,9/23/2019,0,ts
28688,622-9814-632,4289,105798165,jgutier4,9/24/2019,0,ts
28690,622-9978-402,4B8B,105717567,amorale3,9/24/2019,0,ts
28708,822-0868-089,41GNDL,105652537,jvillaes,9/24/2019,0,ts
28710,822-0868-114,28JFM,105746934,jvillaes,9/24/2019,0,ts
28711,622-9810-016,2TGVB,105797855,gzavala,9/24/2019,0,ts
28714,822-0868-087,28KRL,105682119,jvillaes,9/24/2019,0,ts
28716,822-0868-055,840,105792954,jvillaes,9/24/2019,0,ts
28721,822-0868-083,2P23P,105714058,jvillaes,9/24/2019,0,ts
28722,822-0883-082,286XN,105774059,jvillaes,9/24/2019,0,ts
28724,822-0868-055,DKYV,105799073,jvillaes,9/24/2019,0,ts
28731,822-0868-055,FGKT,105789659,jvillaes,9/24/2019,0,ts
28737,4260-0018-5,251197,105793893,lfmercas,9/24/2019,0,ts
28739,622-9810-016,2TGYX,105797851,gzavala,9/24/2019,0,ts
28742,822-0783-015,351TF,105786018,jvillaes,9/24/2019,0,ts
28748,40-621313-105,49VGXK,105795283,dgonzal4,9/24/2019,0,ts
28750,622-9810-016,2770F,105797852,gzavala,9/24/2019,0,ts
28753,622-5799-001,16,105797029,cortiz2,9/24/2019,0,ts
28761,822-0892-013,441,105797699,obarriga,9/24/2019,0,ts
28764,822-0393-001,582,105796203,hsotelo,9/24/2019,0,ts
28766,622-9810-016,2TGTY,105797853,gzavala,9/24/2019,0,ts
28773,1307310-103,JGPBV,105797677,EVELAZQ1,9/24/2019,0,ts
28782,622-9810-016,2TGRN,105797850,gzavala,9/24/2019,0,ts
28789,822-0044-001,EASA audit,EASA audit,imedran9,9/24/2019,0,ts
28790,622-9434-213,3764,105797977,amorale3,9/24/2019,0,ts
28796,622-6717-104,G1TN,105793870,agarci12,9/25/2019,0,ts
28799,822-1168-002,33RGL,105800710,agarci12,9/25/2019,0,ts
28801,822-0884-491,2yxcl,105792646,oarvizu9,9/25/2019,0,ts
28810,822-0592-407,573,105770377,cmurill1,9/25/2019,0,ts
28817,622-9818-610,559F,105787278,aguzman4,9/25/2019,0,ts
28828,822-0385-002,158,105787792,Jquezada,9/25/2019,0,ts
28833,622-9682-004,1531,105800525,ascano,9/25/2019,0,ts
28834,622-9810-016,277DF,105797854,gzavala,9/25/2019,0,ts
28839,822-0884-491,468LD,105798837,jcarbaj1,9/25/2019,0,ts
28841,40-621313-105,49VGXG,105795281,dgonzal4,9/25/2019,0,ts
28846,622-7292-101,FPKB,105801111,gmarti10,9/25/2019,0,ts
28859,622-9815-037,274,105795233,acervan1,9/25/2019,0,ts
28861,622-7292-101,FPJY,105801140,gmarti10,9/25/2019,0,ts
28864,1308000-105=RF,D131PX,105780873,slopez,9/25/2019,0,ts
28865,1309388-100,MH8MG,105796562,Isanchez,9/25/2019,0,ts
28866,822-1168-001,39DBB,105794958,sgutier3,9/25/2019,0,ts
28867,920050,588,105793240,gzavala,9/25/2019,0,ts
28873,822-0868-057,845,105796247,EIGAMEZ,9/25/2019,0,ts
28880,4260-0029-8,4132J,105800500,Aibanez,9/25/2019,0,ts
28890,622-7292-101,1C0FD,105797787,gmarti10,9/25/2019,0,ts
28895,822-1168-001,2D53N,105801258,lgarcia2,9/25/2019,0,ts
29887,622-9852-108,G5KF,105800493,ilopez,9/26/2019,0,ts
29893,622-9735-001,1153,105796979,ilopez,9/26/2019,0,ts
29897,622-8196-204,1N39B,105800477,mnavarr2,9/26/2019,0,ts
29909,40-621313-109,49VK32,105801318,abringas,9/26/2019,0,ts
29914,40-621313-113,49VK36,105801325,abringas,9/26/2019,0,ts
29930,964000-103,H03056859,105797999,obarriga,9/26/2019,0,ts
29937,1301283-100,V7RF,105795258,dgonzal4,9/26/2019,0,ts
29938,4260-0018-5,4120V3,105792921,mleon,9/26/2019,0,ts
29953,1301283-100,981075454,105795253,dgonzal4,9/26/2019,0,ts
29956,1301283-100,990802560,105795256,ayepez,9/26/2019,0,ts
29957,1310458-105,42YFGX,105797008,dsalina1,9/26/2019,0,ts
29958,822-0868-113,1432,105789077,jvillaes,9/26/2019,0,ts
29959,4260-0039-3,240140,105801352,smelendr,9/26/2019,0,ts
29963,4260-0039-3,250801,105797884,smelendr,9/26/2019,0,ts
29964,822-1987-007,389TV,105797766,jgutier4,9/26/2019,0,ts
29978,4260-0018-5,230231,105797470,vortega,9/27/2019,0,ts
29984,822-0883-038,3J82J,105795697,jcazares,9/27/2019,0,ts
29997,822-1168-002,1N2FW,105798606,lgarcia2,9/27/2019,0,ts
30010,1301283-100,990371525,105795254,dgonzal4,9/27/2019,0,ts
30015,822-0021-204,1YNRH,105762916,kflores1,9/27/2019,0,ts
30017,1306619-101,1PRTN,105800480,Isanchez,9/27/2019,0,ts
30020,224991,208290006,105788424,maguiler,9/27/2019,0,ts
30026,RV617-6265-001,44063F,105787668,dsalina1,9/27/2019,0,ts
30034,1167015-141,2VF7M,105800634,respino1,9/27/2019,0,ts
30035,622-7713-004,5101,105801894,ascano,9/27/2019,0,ts
30038,622-7711-002,3139,105801908,mvilla2,9/27/2019,0,ts
30039,1308525-100,427MKY,105796656,jcastil2,9/27/2019,0,ts
30043,622-9820-010,502,105802386,Jquezada,9/27/2019,0,ts
30045,622-9683-111,715,105800668,mruiz4,9/27/2019,0,ts
30046,622-9978-110,1354,105797329,amorale3,9/27/2019,0,ts
30048,622-9822-001,668,105797969,amorale3,9/27/2019,0,ts
30049,622-9978-408,10MKV,105715179,amorale3,9/27/2019,0,ts
30071,441-0102-100,44LVY6,105799661,jzamudio,9/28/2019,0,ts
30081,622-9865-002,429,105123469,jcarbaj1,9/28/2019,0,ts
30092,4260-0029-8,413FH,105802551,mbarron,9/29/2019,0,ts
30099,822-0868-111,34HDJ,10565271,jcazares,9/30/2019,0,ts
30104,328722,E01007708,105802739,jcastil2,9/30/2019,0,ts
30108,822-0259-001,1314,105802530,JOCHOA1,9/30/2019,0,ts
30118,622-7194-201,1185,105802837,hsotelo,9/30/2019,0,ts
30121,328722,4H53R,105802718,jcastil2,9/30/2019,0,ts
30122,822-1354-102,H2FD,105800633,jcarbaj1,9/30/2019,0,ts
30123,822-0884-191,2CTJG,105802473,jcarbaj1,9/30/2019,0,ts
30129,822-1148-216,1WGKJ,105797218,acervan1,9/30/2019,0,ts
30130,1306619-101,2W42V,105802451,Isanchez,9/30/2019,0,ts
30131,822-0884-193,2CRMF,105802779,jcarbaj1,9/30/2019,0,ts
30133,40-621313-113,49VK3C,105802517,abringas,9/30/2019,0,ts
30136,40-621313-113,49VK31,105802533,abringas,9/30/2019,0,ts
30138,40-621313-113,49VK39,105802512,abringas,9/30/2019,0,ts
30139,822-0021-204,3LN9N,105800768,kflores1,9/30/2019,0,ts
30140,40-621313-113,49VK3F,105802510,abringas,9/30/2019,0,ts
30144,RV700-2246-001,24816,105797339,Cahumada,9/30/2019,0,ts
30147,40-621313-113,49VK38,105802504,abringas,9/30/2019,0,ts
30148,822-1115-021,GFNV,703209081,gmarti10,9/30/2019,0,ts
30149,40-621313-113,49VK3D,105802536,abringas,9/30/2019,0,ts
30153,622-6195-315,959,105800383,rmontoro,9/30/2019,0,ts
30166,822-0407-101,783,105798211,rprieto9,9/30/2019,0,ts
30176,822-1168-022,3PBWT,105800439,agarci12,10/1/2019,0,ts
30177,622-9978-314,2407,105793943,amorale3,10/1/2019,0,ts
30182,622-9978-122,3DCP,105774838,amorale3,10/1/2019,0,ts
30198,822-2065-001,47217N,105720394,jgutier4,10/1/2019,0,ts
30202,822-1310-107,46YXFP,105800788,mgaribay,10/1/2019,0,ts
30203,822-1310-104,2K4HJ,105800605,mgaribay,10/1/2019,0,ts
30204,822-0259-001,1440Y,105802128,JOCHOA1,10/1/2019,0,ts
30211,1308524-100,2DYBD,105799009,jcastil2,10/1/2019,0,ts
30213,622-9810-302,2TDLC,105795090,gzavala,10/1/2019,0,ts
30221,4260-0018-5,51970,105801795,emunoz,10/1/2019,0,ts
30222,822-2101-102,429N8C,105801992,obarriga,10/1/2019,0,ts
30227,4260-0029-8,4F6Y7N,105802792,dguerra1,10/1/2019,0,ts
30237,4260-0029-7,413R2V,105802397,alimon3,10/1/2019,0,ts
30248,1302045-118,23C9J,105798427,eflore10,10/1/2019,0,ts
30257,328722,E01006525,105804140,jcastil2,10/1/2019,0,ts
30258,4260-0018-5,45536,105796299,lfmercas,10/1/2019,0,ts
30273,822-0883-054,3J9BD,105796624,jnunez3,10/2/2019,0,ts
30274,822-0809-810,12PDK,105781462,cmurill1,10/2/2019,0,ts
30280,822-0868-113,1NLJN,105803657,jnunez3,10/2/2019,0,ts
30284,822-1107-116,4DL9Y3,105800837,aaguila2,10/2/2019,0,ts
30287,822-1107-103,4LHG3,105801904,aaguila2,10/2/2019,0,ts
30298,622-9810-308,4C51B,105796888,gzavala,10/2/2019,0,ts
30304,4260-0037-5,41L1V,105716082,emaldon2,10/2/2019,0,ts
30305,822-0730-214,983,105802158,vcano,10/2/2019,0,ts
30320,822-0730-214,980,105802157,vcano,10/2/2019,0,ts
30327,328722,47N9L,105803056,jcastil2,10/2/2019,0,ts
30329,622-6785-015,669,105793265,dreyes1,10/2/2019,0,ts
30357,622-9682-002,142,105804300,ascano,10/2/2019,0,ts
30362,622-9978-126,1YDFN,105796689,amorale3,10/2/2019,0,ts
30370,822-1107-102,30FPW,105799768,dgarcia3,10/3/2019,0,ts
30388,4260-0029-8,413R40,105802415,mbarron,10/3/2019,0,ts
30401,622-9978-110,2259,105796682,amorale3,10/3/2019,0,ts
30406,622-9810-308,4GN75K,105795874,gzavala,10/3/2019,0,ts
30410,328722,E01006049,105803058,jcastil2,10/3/2019,0,ts
30413,328722,41LBK,105803055,jcastil2,10/3/2019,0,ts
30418,328722,D01005942,105803057,jcastil2,10/3/2019,0,ts
30421,822-1825-102,1344,105787436,cdoming2,10/3/2019,0,ts
30422,40-621313-113,49VK44,105804854,evaldes,10/3/2019,0,ts
30424,328722,E01006456,105804139,jcastil2,10/3/2019,0,ts
30426,40-621313-113,49VK4L,105804782,evaldes,10/3/2019,0,ts
30431,40-621313-113,49VK4F,105804769,evaldes,10/3/2019,0,ts
30432,822-1560-106,4H9KN3,105801844,jcarbaj1,10/3/2019,0,ts
30435,40-621313-113,49VK4K,105804781,evaldes,10/3/2019,0,ts
30437,40-621313-113,49VK4M,105804783,evaldes,10/3/2019,0,ts
30438,822-0407-101,1R8XX,105799077,rprieto9,10/3/2019,0,ts
30441,40-621313-113,49VK4G,105804779,bduran,10/3/2019,0,ts
30444,40-621313-113,49VK4C,105804852,bduran,10/3/2019,0,ts
30445,328722,4124D5,105803053,jcastil2,10/3/2019,0,ts
30452,4260-0029-8,4FLYV,105804736,alimon3,10/3/2019,0,ts
30454,1303401-100,6002493,105777454,jvega,10/3/2019,0,ts
30455,622-9724-215,3766,105795593,cortiz2,10/3/2019,0,ts
30461,40-621313-109,49VH3T,105804867,bduran,10/3/2019,0,ts
30463,1167015-141,1167015-141,105794959,respino1,10/3/2019,0,ts
30468,40-621313-109,49VK41,105804873,bduran,10/3/2019,0,ts
30470,40-621313-113,49VK4X,105804789,bduran,10/3/2019,0,ts
30471,622-9815-037,1046,105801825,snunez2,10/3/2019,0,ts
30472,40-621313-109,AAIC1187236,105804079,evaldes,10/3/2019,0,ts
30484,328722,41L8T,105803054,jcastil2,10/3/2019,0,ts
30490,822-1560-106,2CM7P,105803457,oarvizu9,10/4/2019,0,ts
30491,622-9978-110,282,105805444,amorale3,10/4/2019,0,ts
30492,622-9978-126,1XWTC,105796658,amorale3,10/3/2019,0,ts
30495,822-1107-102,45RKW,105784363,dgarcia3,10/4/2019,0,ts
30498,4260-0018-5,156999,105794823,vortega,10/4/2019,0,ts
30500,4260-0029-8,46T0XD,105804751,mbarron,10/4/2019,0,ts
30501,622-9814-632,893,105798166,aguzman4,10/4/2019,0,ts
30508,4260-0029-8,4F703C,105780955,rbarbar9,10/4/2019,0,ts
30509,622-8330-003,1YKDV,105802635,mnavarr2,10/4/2019,0,ts
30516,622-9434-213,2C5KB,105799091,gzavala,10/4/2019,0,ts
30517,4260-0045-1,137388,105800809,smelendr,10/4/2019,0,ts
30519,4260-0029-8,4FLYX,105735635,larmenta,10/4/2019,0,ts
30524,2710-1-2133,4D0CM,105803861,jcastil2,10/4/2019,0,ts
30527,622-1239-211,7255,105733340,hsotelo,10/4/2019,0,ts
30530,40-621313-109,AAIC1187210,105804949,evaldes,10/4/2019,0,ts
30538,40-621313-109,AAIC1187487,105804099,evaldes,10/4/2019,0,ts
30541,822-0407-101,30B3H,105804676,rprieto9,10/4/2019,0,ts
30545,40-621313-109,AAIC1187410,105803837,evaldes,10/4/2019,0,ts
30546,822-0868-083,34GYW,105792214,jvillaes,10/4/2019,0,ts
30553,622-4404-101,189JV,105803208,JOCHOA1,10/4/2019,0,ts
30559,40-621313-109,AAIC1187400,105803836,evaldes,10/4/2019,0,ts
30562,40-621313-109,AAIC1187420,105803838,evaldes,10/4/2019,0,ts
30573,40-621313-109,AAIC1187300,105803835,evaldes,10/4/2019,0,ts
30575,328722,E01006983,105793820,jcastil2,10/4/2019,0,ts
30588,920060,1834,105796224,erodri10,10/4/2019,0,ts
30595,622-9978-410,J3TH,105799850,amorale3,10/5/2019,0,ts
30601,622-9978-402,3TCA,105800816,amorale3,10/5/2019,0,ts
30604,822-1310-105,D4DN,105804917,mgaribay,10/5/2019,0,ts
30609,4260-0031-4,4F6XPG,105784512,bsalvado,10/5/2019,0,ts
30612,4260-0029-8,4F6YP1,105782462,vromero2,10/5/2019,0,ts
30619,4260-0001-6,161892,105793797,rmunoza9,10/5/2019,0,ts
30620,822-0884-591,2YX8B,105805978,obarriga,10/5/2019,0,ts
30623,40-621313-109,49VK74,105805588,evaldes,10/5/2019,0,ts
30634,46388,208200077,105805480,jmacias,10/6/2019,0,ts
30639,1167014-144,35XBP,105794288,respino1,10/6/2019,0,ts
30643,822-1168-021,48F1J,105805300,lgarcia2,10/6/2019,0,ts
30644,822-1168-023,46YTN4,105805537,lgarcia2,10/6/2019,0,ts
30652,622-9810-016,1GCFJ,105798554,gzavala,10/7/2019,0,ts
30653,622-9810-016,1G78M,105798556,gzavala,10/7/2019,0,ts
30654,40-621313-113,49VK3R,105804853,bduran,10/7/2019,0,ts
30656,1306671-100,3MHLD,105801083,dsalina1,10/7/2019,0,ts
30657,822-1560-106,2CLYY,105800040,jcarbaj1,10/7/2019,0,ts
30658,40-621313-109,49VK77,105805642,bduran,10/7/2019,0,ts
30668,328722,47F9F,105787334,jcastil2,10/7/2019,0,ts
30669,40-621313-113,49VK3P,105804835,ayepez,10/7/2019,0,ts
30673,40-621313-109,49VK40,105804872,bduran,10/7/2019,0,ts
30674,40-621313-109,49VK71,105805587,ayepez,10/7/2019,0,ts
30678,40-621313-109,49VK4D,105804877,bduran,10/7/2019,0,ts
30680,40-621313-113,49VK37,105804864,bduran,10/7/2019,0,ts
30687,40-621313-109,49VK43,105804876,bduran,10/7/2019,0,ts
30690,920060,1115,105782879,gzavala,10/7/2019,0,ts
30694,622-1239-211,5672,105748403,hsotelo,10/7/2019,0,ts
30705,622-6020-021,3566,10579587,mvilla2,10/7/2019,0,ts
30706,40-621313-113,49VK4H,105804780,evaldes,10/7/2019,0,ts
30707,40-621313-113,49VK46,105804825,evaldes,10/7/2019,0,ts
30709,40-621313-109,49VK42,105804874,bduran,10/7/2019,0,ts
30711,40-621313-113,49VK54,105806157,evaldes,10/7/2019,0,ts
30713,40-621313-113,49VK47,105804849,bduran,10/7/2019,0,ts
30714,40-621313-113,49VK4R,105804786,bduran,10/7/2019,0,ts
30715,4260-0018-5,43KWJ,105774766,emunoz,10/7/2019,0,ts
30722,4260-0039-3,142824,105778509,smelendr,10/7/2019,0,ts
30727,822-1592-626,41GPHP,105792298,cmurill1,10/8/2019,0,ts
30733,822-1988-024,1YLFT,105806423,aguzman4,10/8/2019,0,ts
30738,822-1592-426,33Y3L,105790790,cmurill1,10/8/2019,0,ts
30742,622-9849-012,2988,105807169,ecossio,10/8/2019,0,ts
30751,622-4404-101,FVWF,105803597,iarroyo1,10/8/2019,0,ts
30754,40-621313-113,49VK48,105804850,bduran,10/8/2019,0,ts
30755,822-1310-105,3CL9G,105804916,mgaribay,10/8/2019,0,ts
30758,40-621313-113,49VK45,105804855,bduran,10/8/2019,0,ts
30760,40-621313-113,49VK4T,105804787,bduran,10/8/2019,0,ts
30762,40-621313-113,49VK4V,105804788,bduran,10/8/2019,0,ts
30763,40-621313-113,49VK49,105804851,bduran,10/8/2019,0,ts
30768,40-621313-109,49VK6Y,105805585,bduran,10/8/2019,0,ts
30771,40-621313-109,49VK75,105805639,bduran,10/8/2019,0,ts
30773,622-7194-201,1197,105806400,hsotelo,10/8/2019,0,ts
30778,40-621313-109,49VK78,105805643,bduran,10/8/2019,0,ts
30781,40-621313-109,49VK76,105805641,bduran,10/8/2019,0,ts
30784,40-621313-113,49VK3X,105806510,bduran,10/8/2019,0,ts
30787,40-621313-113,49VK3K,105806296,bduran,10/8/2019,0,ts
30789,40-621313-113,49VK3H,105806295,bduran,10/8/2019,0,ts
30791,40-621313-113,49VK3L,105806509,bduran,10/8/2019,0,ts
30796,40-621313-113,49VK3Y,105805581,bduran,10/8/2019,0,ts
30803,40-621313-113,49VK3T,105806182,bduran,10/8/2019,0,ts
30804,40-621313-109,49VK6X,105805584,bduran,10/8/2019,0,ts
30809,40-621313-109,49VK6V,105805583,bduran,10/8/2019,0,ts
30810,40-621313-113,49VK3V,105806508,bduran,10/8/2019,0,ts
30811,4260-0051-5,41204F,105787288,jmedran2,10/8/2019,0,ts
30814,4260-0037-5,138094,105730659,emaldon2,10/8/2019,0,ts
30819,4111-0048-1,43KPX,105801429,smelendr,10/8/2019,0,ts
30822,4260-0018-5,260011,105799006,emunoz,10/8/2019,0,ts
30824,40-621313-113,49VK34,105799904,bduran,10/8/2019,0,ts
30826,40-621313-109,49VK3G,105806181,bduran,10/8/2019,0,ts
30835,622-1239-211,5892,105748405,hsotelo,10/8/2019,0,ts
30848,4260-0029-8,4479YC,105803277,alimon3,10/9/2019,0,ts
30853,822-0884-163,1CDBD,105807168,oarvizu9,10/9/2019,0,ts
30858,622-9683-111,17PX,105807632,mruiz4,10/9/2019,0,ts
30861,622-6718-101,194,105807461,dmedinaj,10/9/2019,0,ts
30862,622-6209-008,533,105807838,mnavarr2,10/9/2019,0,ts
30864,622-6718-101,724,105807503,dmedinaj,10/9/2019,0,ts
30869,920060,1392,105803972,erodri10,10/9/2019,0,ts
30871,622-9810-308,1CH4,105804941,amorale3,10/9/2019,0,ts
30872,822-1987-008,3J7YC,105805303,aguzman4,10/9/2019,0,ts
30874,40-621313-113,49VK6G,105807659,bduran,10/9/2019,0,ts
30875,40-621313-113,49VK66,105807652,bduran,10/9/2019,0,ts
30881,40-621313-113,49VK6P,105807661,bduran,10/9/2019,0,ts
30883,622-9820-010,1164,105806422,mgaribay,10/9/2019,0,ts
30885,622-9820-010,1142,105807451,mgaribay,10/9/2019,0,ts
30888,622-9210-501,4G4T2G,105756113,jcastro1,10/9/2019,0,ts
30890,622-1239-211,3403,105748401,hsotelo,10/9/2019,0,ts
30891,40-621313-113,49VK69,105807600,bduran,10/9/2019,0,ts
30894,40-621313-113,49VK68,105807655,bduran,10/9/2019,0,ts
30896,40-621313-113,49VK65,105807651,bduran,10/9/2019,0,ts
30900,40-621313-113,49VK6L,105807582,bduran,10/9/2019,0,ts
30902,920050,1230,105773913,gzavala,10/9/2019,0,ts
30903,40-621313-113,49VK6M,105807580,bduran,10/9/2019,0,ts
30905,2525-1-08400,3K95R,105804702,sportill,10/9/2019,0,ts
30908,4260-0029-8,4FKDJ,105807577,alimon3,10/9/2019,0,ts
30909,40-621313-113,49VK5X,105807627,bduran,10/9/2019,0,ts
30912,40-621313-113,49VK64,105807650,bduran,10/9/2019,0,ts
30915,40-621313-113,49VK6T,105807606,bduran,10/9/2019,0,ts
30924,622-9210-008,4PRKD,105807348,mortiz,10/9/2019,0,ts
30926,622-7998-003,4876,105806385,ofelix,10/9/2019,0,ts
30931,822-1354-102,FV3X,105807836,obarriga,10/9/2019,0,ts
30933,822-0668-251,1KLRW,105807167,kflores1,10/9/2019,0,ts
30934,822-0668-251,33YGR,105806058,kflores1,10/9/2019,0,ts
30935,2526-1-104L33,3117L,105673808,jcastil2,10/9/2019,0,ts
30936,622-9210-008,4PRKG,105807357,jcastro1,10/9/2019,0,ts
30939,622-9210-008,4prkfg,105807357-1,jcastro1,10/9/2019,0,ts
30940,40-622567-003,1PXFT,105808229,EVELAZQ1,10/9/2019,0,ts
30943,622-6520-005,13493,105807667,Mlugo,10/9/2019,0,ts
30944,622-7718-004,3123,105807170,ascano,10/9/2019,0,ts
30952,622-9683-111,538,105807635,mruiz4,10/10/2019,0,ts
30954,622-9978-314,267DF,105792383,amorale3,10/10/2019,0,ts
30959,622-9818-751,1YDBG,105805533,aguzman4,10/10/2019,0,ts
30960,822-0809-710,1708,105799566,cmurill1,10/10/2019,0,ts
30961,822-0809-710,2399,105799565,cmurill1,10/10/2019,0,ts
30963,822-0044-003,4MKYH,105803587,dgarcia3,10/10/2019,0,ts
30964,622-9810-308,3PJRM,105804940,amorale3,10/10/2019,0,ts
30965,822-1168-001,36XYK,105805423,agarci12,10/10/2019,0,ts
30966,822-1361-601,2869H,105806114,jgutier4,10/10/2019,0,ts
30967,822-1361-601,2WWCC,105806034,jgutier4,10/10/2019,0,ts
30970,822-1361-601,2WWCB,105806031,jgutier4,10/10/2019,0,ts
30972,822-1987-005,33P6P,105798023,aguzman4,10/10/2019,0,ts
30973,622-9818-020,4FRH,105806105,aguzman4,10/10/2019,0,ts
30974,622-9210-409,126JX,105801761,fojeda,10/10/2019,0,ts
30976,822-1361-601,2869L,105806116,jgutier4,10/10/2019,0,ts
30981,622-5027-102,1L9GR,105807809,agarci12,10/10/2019,0,ts
30983,822-1168-002,42NG4L,105806001,agarci12,10/10/2019,0,ts
30987,4260-0018-5,220523,105806004,Rvalenzu,10/10/2019,0,ts
30989,622-3260-001,705,105795189,JOCHOA1,10/10/2019,0,ts
30990,441-0103-101,4FCVN,105806338,Cahumada,10/10/2019,0,ts
30991,822-1120-005,17750,105716707,cdoming2,10/10/2019,0,ts
30992,RV743-0315-003,552,105808219,EVELAZQ1,10/10/2019,0,ts
30993,622-7998-003,107235,105804117,ofelix,10/10/2019,0,ts
30994,43068-035,201,105708341,rmunoza9,10/10/2019,0,ts
30996,622-9210-008,291DN,105804773,mortiz,10/10/2019,0,ts
30999,822-1107-103,46RGNN,105802160,Jquezada,10/10/2019,0,ts
31000,622-7491-210,1523,105805374,rmontoro,10/10/2019,0,ts
31004,RV980-9900-001,13730,105779954,Cahumada,10/10/2019,0,ts
31005,622-7718-004,2995,105808006,mvilla2,10/10/2019,0,ts
31008,822-1168-022,44TY09,105784354,cortiz2,10/10/2019,0,ts
31009,622-9010-004,3311,105806203,mvilla2,10/10/2019,0,ts
31011,622-7292-101,2174,105806437,elopez1,10/10/2019,0,ts
31013,622-9871-003,274,105804887,Abriseno,10/10/2019,0,ts
31014,622-7711-003,6584,105807863,ascano,10/10/2019,0,ts
31015,622-7309-101,000X,105796447,lgodinez,10/10/2019,0,ts
31016,822-1987-006,3J49H,105792567,aruvalca,10/10/2019,0,ts
31020,822-0809-710,3XN3D,105805041,snunez2,10/10/2019,0,ts
31021,40-621313-113,49VK5K,105805541,bduran,10/10/2019,0,ts
31022,1024-1-1,9847027,105788578,jmacias,10/10/2019,0,ts
31023,822-1354-102,400,105806512,jcarbaj1,10/10/2019,0,
